<?xml version="1.0" encoding="utf-8"?>
<config>
	<dl>
		<file name="DistProtoManager.exe" url="http://aifbceres.aifb.uni-karlsruhe.de/DistProtoUpdate/DistProtoManager.exe"/>
		<file name="DistProtoManager.XmlSerializers.dll" url="http://aifbceres.aifb.uni-karlsruhe.de/DistProtoUpdate/DistProtoManager.XmlSerializers.dll"/>
		<file name="Microsoft.GLEE.dll" url="http://aifbceres.aifb.uni-karlsruhe.de/DistProtoUpdate/Microsoft.GLEE.dll"/>
		<file name="Microsoft.GLEE.Drawing.dll" url="http://aifbceres.aifb.uni-karlsruhe.de/DistProtoUpdate/Microsoft.GLEE.Drawing.dll"/>
		<file name="Microsoft.GLEE.GraphViewerGDI.dll" url="http://aifbceres.aifb.uni-karlsruhe.de/DistProtoUpdate/Microsoft.GLEE.GraphViewerGDI.dll"/>
		<file name="TrackBar.dll" url="http://aifbceres.aifb.uni-karlsruhe.de/DistProtoUpdate/TrackBar.dll"/>
	</dl>
	<startCommand>DistProtoManager.exe</startCommand>
</config>