<?xml version="1.0" encoding="utf-8"?>
<config>
	<dl>
		<file name="DistProtoScreensaver.exe" url="http://aifbceres.aifb.uni-karlsruhe.de/DistProtoUpdate/DistProtoScreensaver.exe"/>
		<file name="DistProtoScreensaver.XmlSerializers.dll" url="http://aifbceres.aifb.uni-karlsruhe.de/DistProtoUpdate/DistProtoScreensaver.XmlSerializers.dll"/>
		<file name="ICSharpCode.SharpZipLib.dll" url="http://aifbceres.aifb.uni-karlsruhe.de/DistProtoUpdate/ICSharpCode.SharpZipLib.dll"/>
		<file name="Win32_API.dll" url="http://aifbceres.aifb.uni-karlsruhe.de/DistProtoUpdate/Win32_API.dll"/>
		<file name="pssuspend.exe" url="http://aifbceres.aifb.uni-karlsruhe.de/DistProtoUpdate/pssuspend.exe"/>
	</dl>
	<startCommand>DistProtoScreensaver.exe</startCommand>
</config>