﻿<?xml version="1.0" encoding="utf-8"?>
<appConfig>
	<timerIntervall>180000</timerIntervall>
	<reloadMultiplikator>3</reloadMultiplikator>
	<resultsPath>C:\DistProtoResults\</resultsPath>
	<notificationSenderAdress>mbo@aifb.uni-karlsruhe.de</notificationSenderAdress>
	<notificationSmtpServer>smtp.uni-karlsruhe.de</notificationSmtpServer>
	<fairLevel>10</fairLevel>
	<doneRateLowBoost>3</doneRateLowBoost>
	<doneRateHighBoost>100</doneRateHighBoost>
	<powerIndexProb>0</powerIndexProb>
	<runlengthScale>0</runlengthScale>
	<useUptimes>YES</useUptimes>
	<redundantDelivery>YES</redundantDelivery>
	<persistentGET>YES</persistentGET>
	<persistentCOM>YES</persistentCOM>
	<persistentEXC>YES</persistentEXC>
	<verboseLog>YES</verboseLog>
</appConfig>