<?xml version="1.0" encoding="UTF-8"?><?xml-stylesheet type='text/xsl' href='_UpgradeReport_Files/UpgradeReport.xslt'?><UpgradeLog>
<Properties><Property Name="Solution" Value="DistProtoService">
</Property><Property Name="Solution File" Value="C:\Inetpub\wwwroot\DistProtoService\DistProtoService.sln">
</Property><Property Name="User Options File" Value="C:\Inetpub\wwwroot\DistProtoService\DistProtoService.suo">
</Property><Property Name="Date" Value="Dienstag, 14. März 2006">
</Property><Property Name="Time" Value="14:24">
</Property></Properties><Event ErrorLevel="0" Project="" Source="DistProtoService.sln" Description="File successfully backed up as C:\Inetpub\wwwroot\DistProtoService\Backup\DistProtoService.sln">
</Event><Event ErrorLevel="0" Project="" Source="DistProtoService.suo" Description="File successfully backed up as C:\Inetpub\wwwroot\DistProtoService\Backup\DistProtoService.suo">
</Event><Event ErrorLevel="1" Project="DistProtoService" Source="http://localhost/DistProtoService/DistProtoService.csproj" Description="Warning: The project file is being backed up to a relative path that differs from the original solution relative path.  The difference in folder hierarchy may create problems in opening or building the backed up solution and project.">
</Event><Event ErrorLevel="0" Project="" Source="DistProtoService.sln" Description="Solution converted successfully">
</Event><Event ErrorLevel="3" Project="" Source="DistProtoService.sln" Description="Converted">
</Event></UpgradeLog>