<?xml version="1.0"?>
<doc>
    <assembly>
        <name>DistProtoService</name>
    </assembly>
    <members>
        <member name="T:DistProtoService.Agent">
            <summary>
            Repräsentiert einen Agenten, speichert nur 7 Strings, mehr nicht.
            </summary>
        </member>
        <member name="M:DistProtoService.Agent.#ctor(System.String,System.String)">
            <summary>
            Kontruktor, legt einen Agenten an.
            </summary>
            <param name="identity">Bezeichnung</param>
            <param name="status">Status, IDLE oder ACTIVE</param>
        </member>
        <member name="P:DistProtoService.Agent.Identity">
            <summary>
            Bezeichnung des Agenten
            </summary>
        </member>
        <member name="P:DistProtoService.Agent.Status">
            <summary>
            Status des Agenten, ist ACTIVE oder IDLE
            </summary>
        </member>
        <member name="P:DistProtoService.Agent.LastContact">
            <summary>
            Zeitpunkt der letzten Meldung des Agenten
            </summary>
        </member>
        <member name="P:DistProtoService.Agent.AgentPlatform">
            <summary>
            Bisherige Plattform des Agenten
            </summary>
        </member>
        <member name="P:DistProtoService.Agent.ForcedAgentPlatform">
            <summary>
            Erzwungene Plattform des Agenten
            </summary>
        </member>
        <member name="P:DistProtoService.Agent.AgentJobType">
            <summary>
            Bisheriger Type des Agenten
            </summary>
        </member>
        <member name="P:DistProtoService.Agent.ForcedAgentJobType">
            <summary>
            Erzwungener Type des Agenten
            </summary>
        </member>
        <member name="T:DistProtoService.AgentManager">
            <summary>
            Diese Klasse verwaltet die Agenten, die sich beim Server melden.
            Dabei geht es nicht um Leistungswerte, sondern darum, welcher Agent was darf, und was nicht.
            ein Agent ist dabei immer ein konkretes Client-Programm, es können auch merere auf dem gleochen Rechner laufen.
            Agenten werden anhand der IP-Adresse, des Rechnernamnens, des Benutzerkontos unter dem sie laufen und der Prozess-ID unterschieden
            Also so: [1.2.3.4]Rechner\Benutzer.PID
            </summary>
        </member>
        <member name="M:DistProtoService.AgentManager.#ctor(System.String)">
            <summary>
            Kontruktor legt Hashtable an und synchronisiert sie. Damit sichert sich die Hashtable intern nochmal gegen Parallelzugriffe ab.
            Diese Daten werden nicht persistent gespeichert, werden also beim Restart neu aufgebaut. Ja ich weiss, ich bin zu faul sowas einzubauen.
            </summary>
        </member>
        <member name="M:DistProtoService.AgentManager.GetAgentStatus">
            <summary>
            Ausgabe aller Agenten mit Status.
            </summary>
            <returns>Das Array enthält Tabulator-getrennt für jeden Agenten: Name, Status, Zeitpunkt des letzten Kontakts, letzten Typr, Forced Type, letzte Platform, forced Platform</returns>
        </member>
        <member name="M:DistProtoService.AgentManager.AgentIsActive(System.String)">
            <summary>
            Setzt einen Agenten ACTIVE bzw legt ihn an, wenn noch nicht vorhanden.
            </summary>
            <param name="identity">Bezeichnung des Agenten</param>
        </member>
        <member name="M:DistProtoService.AgentManager.AgentIsIdle(System.String)">
            <summary>
            Setzt einen Agenten IDLE bzw legt ihn an, wenn noch nicht vorhanden.
            </summary>
            <param name="identity">Bezeichnung des Agenten</param>
        </member>
        <member name="M:DistProtoService.AgentManager.RemoveAgentsOlderThan(System.Int32)">
            <summary>
            Löscht alle Agenten deren letzter Kontakt älter ist als angegeben.
            </summary>
            <param name="minutes">Zeitspanne auf die geprüft werden soll</param>
            <returns>Statusucode, zeigt Erfolg der Aktion an</returns>
        </member>
        <member name="M:DistProtoService.AgentManager.ForceAgent(System.String,System.String,System.String)">
            <summary>
            Damit kann man einen Agenten auf einen bestimmten Type oder eine bestimmte Platform zwingen.
            Wenn der Agent noch nicht existiert wird er neu angelegt und mit default-Werten versehen.
            diese Funktion wird eigentich immer überflüssiger, da die Agenten inzwischen selbst merken was sie können und was nicht.
            Braucht man eigentlich nur, wenn auf einem Rechner eine Laufzeitumgebung zwar vorhanden ist, dann aber nicht richtig funktioniert. War bei dem Javamist schonmal der Fall.
            </summary>
            <param name="identity">Bezeichnung des Agenten</param>
            <param name="jobType">neuer Type, NONE legt den Agenten schlafen, ein Leerstring bedeutet "alle Types"</param>
            <param name="platform">neue Platform, damit könnte man z.B. einem Agenten Java verbieten falls auf dem betreffenden Rechner keines installiert sein sollte</param>
        </member>
        <member name="M:DistProtoService.AgentManager.GetAgentOrder(System.String,System.String,System.String)">
            <summary>
            Zum Auslesen der erzwungenen Type und Platform Werte.
            </summary>
            <param name="identity">Agenten-Bezeichner</param>
            <param name="oldAgentJobType">alter Type</param>
            <param name="oldAgentPlatform">alte Platform</param>
            <returns>Das Array enthält im Index 0 den neuen Type, im Index 1 die neue Platform</returns>
        </member>
        <member name="M:DistProtoService.AgentManager.CheckIPAgainstFile(System.String,System.String)">
            <summary>
            Prüft ob IP-Adresse in File steht und (falls ja) der dort stehende Stundenstring zur aktuellen Uhrzeit passt.
            </summary>
            <param name="ip">Ip-Adresse des Agenten</param>
            <param name="file">Datei in der die Zeitinformationen stehen</param>
            <returns>true falls Agent darf, false falls nicht</returns>
        </member>
        <member name="M:DistProtoService.AgentManager.CheckAgentHashAgainstFile(System.String,System.String)">
            <summary>
            Testest ob Datei eine MD5-Summe enthält
            </summary>
            <param name="agentmd5">Test-Summe</param>
            <param name="file">Dateiname</param>
            <returns>true falls Hash enhalten ist oder Datei nicht existiert, false sonst</returns>
        </member>
        <member name="T:DistProtoService.AgentStatus">
            <summary>
            Dynamische Webseite, enthält eine Tabelle die den Status der Agenten anzeigt.
            </summary>
        </member>
        <member name="M:DistProtoService.AgentStatus.InitializeComponent">
            <summary>
            Erforderliche Methode für die Designerunterstützung. 
            Der Inhalt der Methode darf nicht mit dem Code-Editor geändert werden.
            </summary>
        </member>
        <member name="T:DistProtoService.DataManager">
            <summary>
            Diese Klasse abstrahiert von der eigentlichen Datenhaltung und kümmert sich um alles,
            was die Jobdatenbasis betrifft. Wird von der Service1-Klasse benutzt.
            </summary>
        </member>
        <member name="M:DistProtoService.DataManager.#ctor">
            <summary>
            Konstruktor, instantiiert das Sperr-Objekt und die Hashtable für die Reihenfolgebestimmung sowie die Zufallszahlen
            </summary>
        </member>
        <member name="M:DistProtoService.DataManager.Initialize(System.String,DistProtoService.NodeManager)">
            <summary>
            Initialisierung, wird normalerweise nur beim Start der Anwendung (hochfahren des Serveres und erster Aufruf) ausgeführt.
            Wird vom Service1-Klasse aufgerufen, übermittelt Pfadangaben.
            </summary>
            <param name="appPath">Pfad der Webapplikation, normalerweise C:\inetpub\wwwroot\DistProtoService</param>
            <param name="nMan">Verweis auf den NodeManager, den brauchen wir hier für Leistungsdatenabfrage</param>
        </member>
        <member name="M:DistProtoService.DataManager.Finalize">
            <summary>
            Wird vom Service1 ausferufen wenn die Webapp beendet wird.
            Diese Methode sichert das DataSet noch einmal als .bak-Datei
            </summary>
        </member>
        <member name="M:DistProtoService.DataManager.ReloadDataFile">
            <summary>
            Liest Daten neu aus Platte ein, war früher (als ich noch XMLDocument statt DataSet benutzte) mal aus Performancegründen nötig.
            Wird heute trotzdem noch periodisch vom Timer aufgerufen
            </summary>
        </member>
        <member name="M:DistProtoService.DataManager.AddJob(System.String,System.String,System.String,System.String,System.String,System.String,System.String,System.String,System.String,System.String)">
            <summary>
            Legt neuen Job in Datenbasis an, übernimmt die Parameter vom Service1.
            </summary>
            <param name="tempType">Job Typ</param>
            <param name="tempPlat">Ziel-Plattform (Kombination aus W, N, J, M, L)</param>
            <param name="tempCommand">Befehlszeile die ausgeführt werden soll</param>
            <param name="tempResultFiles">Liste der Ergebnisdateien, semikolongetrennt</param>
            <param name="tempMaintainoutput">Falls YES werden Ergebnisdateien wiederverwendet</param>
            <param name="tempFiles">Namen der Eingabedateien, semikolongetrennt</param>
            <param name="tempMailNotification">Email-Adresse an die eine Statusmeldung geschickt wird wenn Job Commitet ist</param>
            <param name="tempPeriodicUpload">Zeigt an ob Teilergebnisse periodisch geuploadet werden sollen, kann YES oder NO sein</param>
            <param name="tempUserIdentifier">Freier Bezeichner des Jobs, kann vom Entwickler verwendet werden um Namen der stdout, error und exit-Files anzugeben</param>
            <param name="tempPreUserIdentifiers">Semikolongetrennte Liste der userIdentifiers, die DONE sein müssen bevor dieser Job laufen darf</param>
            <returns>Statuscode</returns>
        </member>
        <member name="M:DistProtoService.DataManager.AddJobsBlock(System.String[])">
            <summary>
            Tut ganze Job-Blöcke in die Tabelle rein, übernimmt die Daten der entsprechenden Methode aus Service1.
            </summary>
            <param name="block">Job-Array, enthält die einzelnen Jobs bei denen die jeweiligen Datenfelder TAB-getrennt sind, jeder Array-Index repräsentiert einen Job</param>
            <returns>Statuscode</returns>
        </member>
        <member name="M:DistProtoService.DataManager.GetJob(System.String,System.String,System.String,System.String,System.Int32)">
            <summary>
            Zum Anfragen eines Jobs. Methode sucht aus Datenbasis passenden Job raus.
            Die meisten Methoden die auf den Daten arbeiten verhalten sich wie die hier, evtl auch einfacher.
            Es läuft immer auf's gleich raus:
            Alle Jobs angucken, benötigten Wert angucken und entsprechend reagieren: Werten ändern, Daten speichern, evtl logfile.
            Deswegen sind nur GetJob() und CommitJob() ausführlich kommentiert.
            Ausnahme bilden die beiden Methoden zum Löschen (siehe unten). Da hier Datensätze komplett verschwinden arbeiten diese mit anderem Mechanismus.
            </summary>
            <param name="tempType">gefragter Typ, darf auch leer sein oder Teilstrings enthalten</param>
            <param name="tempPlat">Plattform die der Agent haben will</param>
            <param name="tempNode">Bezeichnung des anfragenden Knotens, besteht aus [IP]Rechnername\User.PID</param>
            <param name="tempNodeMod">Bezeichnung des anfragenden Knotens, besteht aus [IP]Rechnername\User (PID fehlt)</param>
            <param name="limit">Maximale Datengrösse des Jobs</param>
            <returns>JobDaten, das Array enthält die Werte [0]Status (JOB_OK oder NO_JOBS_AVAILABLE),  [1]Typ,  [2]ID,  [3]Befehlszeile des Jobs,  [4]Namen der Ergebnisdateien zum für Upload nach Job-Ende,  [5]Binärdateien die runtergeladen werden müssen, [6]Anzeige ob temporärer Upload, [7]Sicherungs-ID, [8]Benutzer-Bezeichner</returns>
        </member>
        <member name="M:DistProtoService.DataManager.MaintainOutputOfJob(System.String)">
            <summary>
            Liefert true, falls die Ergebnisse des Jobs als Eingabe behalten werden sollen.
            Wird von FileUpload-Klasse aufgerufen, da diese Klasse die Upload-Dateien speichert
            </summary>
            <param name="id">ID des Jobs</param>
            <returns>Statuscode, true oder false, je nachdem ob das Ergebnisfile behalten werden soll oder nicht</returns>
        </member>
        <member name="M:DistProtoService.DataManager.CommitJobIsDone(System.String,System.String,System.String,System.String,System.String)">
            <summary>
            Wichtige Methode, zum Bestätigen einer erfolgreichen Jobausführung
            Übernimmt im wesentlichen alle Parameter direkt von Service1
            </summary>
            <param name="tempType">Type des Jobs</param>
            <param name="tempID">ID des Jobs</param>
            <param name="tempResultFiles">Liste der Dateien, die der Agent hochgeladen hat</param>
            <param name="tempTime">Zeit die der Job dauerte</param>
            <param name="rndid">Sicherungs-ID des Jobs</param>
            <returns>Statuscode</returns>
        </member>
        <member name="M:DistProtoService.DataManager.MarkAllJobsFree">
            <summary>
            Setzt jeden Job auf Status "FREE", nur zu Testzwecken.
            Wird von SOAP-Schnittstelle passwortgeschützt
            </summary>
        </member>
        <member name="M:DistProtoService.DataManager.GetJobStatus(System.String,System.Boolean,System.String)">
            <summary>
            Abfrage der ganzen Datenbasis, auf einzelnen Type oder nur auf DONE-Jobs einschränkbar.
            Übernimmt die Parameter der aufrufenden Methode aus Service!
            </summary>
            <param name="tempType">Type</param>
            <param name="onlyDoneJobs">nur erledigte Jobs?</param>
            <param name="clientmanager">IP des anfragenden Clients</param>
            <returns>Array das TAB-getrennte Strings mit den einzelnen Jobdaten enthält: Typ, ID, status, platform, command, results, maintainoutput, Node, Time</returns>
        </member>
        <member name="M:DistProtoService.DataManager.SetPermissions(System.Boolean,System.Boolean)">
            <summary>
            Zum setzen der SET und GET Erlaubnis, von SOAP-Schnittstelle passwortgeschützt
            </summary>
            <param name="allowGet">steuert GET-Erlaubnis (beim GetJob)</param>
            <param name="allowSet">steuert SET-Erlaubnis (beim CommitJob)</param>
        </member>
        <member name="M:DistProtoService.DataManager.UpdateCountdowns">
            <summary>
            Zählt Countdown von jedem WORKING-Job herunter, wird von Timer periodisch aufgerufen.
            Sollte ein Countdown bei 0 sein wird der Job neu freigegeben (mit neuer ID).
            Das sorgt dafür, dass ein Job nicht ewig bei einem Client versauert, sollte dieser während der Ausführung ausfallen...
            </summary>
        </member>
        <member name="M:DistProtoService.DataManager.ExchangeStatus(System.String,System.String,System.String,System.String,System.String,System.String)">
            <summary>
            Zustandsaustausch zw. Client und Server
            Parameter entsprechen der Methode in Service1, werden von dort übernommen
            </summary>
            <param name="tempType">JobType</param>
            <param name="tempID">ID</param>
            <param name="tempStatus">Status</param>
            <param name="tempNode">Client-Identität</param>
            <param name="tempTime">Zeitangabe des Clients</param>
            <param name="rndid">Sicherungs-ID des Jobs</param>
            <returns>KILL_JOB falls ID nicht gefunden, OK sonst</returns>
        </member>
        <member name="M:DistProtoService.DataManager.SetJobsBlocked(System.String)">
            <summary>
            Zum blockieren von Jobs. Ein blockierter Job wird nicht rausgegeben,
            falls er schon rausgegeben wurde kriegt Client Meldung zum Abbrechen.
            </summary>
            <param name="tempIDList">ID-Liste, semikolongetrennt</param>
            <returns>Statuscode: JOBS_NOT_BLOCKED, JOBS_BLOCKED: + anzahl</returns>
        </member>
        <member name="M:DistProtoService.DataManager.SetJobsMaxZeroCount(System.String,System.Int32)">
            <summary>
            Zum Ändern der maximalen Countdown-Abläuft bis Autoblockiert wird
            </summary>
            <param name="tempIDList">Liste der betreffenden Jobs</param>
            <param name="maxzerocnt">neuer Max-Zero-Wert</param>
            <returns></returns>
        </member>
        <member name="M:DistProtoService.DataManager.SetJobsMaxRunningTime(System.String,System.Int32)">
            <summary>
            Zum Ändern der maximalen Laufzeit von Jobs
            </summary>
            <param name="tempIDList">Liste der betreffenden Jobs</param>
            <param name="maxrunningtime">neue maximale Laufzeit in Stunden</param>
            <returns></returns>
        </member>
        <member name="M:DistProtoService.DataManager.SetJobsUserPriority(System.String,System.Int32)">
            <summary>
            Zum Ändern der User-Priorität von Jobs
            </summary>
            <param name="tempIDList">Liste der betreffenden Jobs</param>
            <param name="priority">neuer Priority-Wert</param>
            <returns></returns>
        </member>
        <member name="M:DistProtoService.DataManager.SetJobsFree(System.String)">
            <summary>
            Zum freigeben von Jobs.
            Alle in der (Semikolon-getrennten) Liste enthaltenen Jobs kriegen neue ID und werden FREE.
            </summary>
            <param name="tempIDList">ID-Liste, semikolongetrennt</param>
            <returns>Statuscode: JOBS_NOT_SET_FREE, JOBS_SET_FREE: + anzahl</returns>
        </member>
        <member name="M:DistProtoService.DataManager.DeleteJobsByList(System.String)">
            <summary>
            Zum Löschen von Jobs.
            Löscht alle in der (Semikolon-getrennten) Liste enthaltenen Jobs.
            </summary>
            <param name="tempIDList">ID-Liste, semikolongetrennt</param>
            <returns>Statuscode: JOB_NOT_DELETED, JOBS_DELETED + anzahl</returns>
        </member>
        <member name="M:DistProtoService.DataManager.DeleteDoneJobsByType(System.String)">
            <summary>
            Alle erledigten Jobs eines bestimmten Typs löschen.
            </summary>
            <param name="tempType">Type</param>
            <returns>Statuscode: JOBS_NOT_DELETED, JOBS_DELETED + anzahl </returns>
        </member>
        <member name="M:DistProtoService.DataManager.GetConsoleOutput(System.String)">
            <summary>
            Liefert die Konsolenausgabe eines Jobs, falls vorhanden, Fehlermeldung sonst
            </summary>
            <param name="jobID">ID des fraglichen Jobs</param>
            <returns>Inhalt der .ALL - Datei, die die komplette Konsolenausgabe des Jobs enthält</returns>
        </member>
        <member name="M:DistProtoService.DataManager.GetFullJobData(System.String)">
            <summary>
            Liefert komplette Datenbankdaten eines einzelnen Jobs.
            </summary>
            <param name="jobID">ID des gefragten Jobs</param>
            <returns>alle Jobdaten</returns>
        </member>
        <member name="M:DistProtoService.DataManager.GetTypeStatistics">
            <summary>
            Liefert Statistik über alle Job-Typen die da sind.
            </summary>
            <returns>Das Array enthält Namen, Anzahl Jobs, Anzahl DONE-Jobs, DONE-Rate (in %) und durchschnittliches Job-Weight</returns>
        </member>
        <member name="M:DistProtoService.DataManager.GetMD5Sum(System.String,System.String)">
            <summary>
            Liefert MD5-Hash eines Files.
            Der Job-Type wird gebraucht, weil aus diesem der Pfad (mit-)bestimmt wird
            </summary>
            <param name="type">Job Type</param>
            <param name="fileName">Dateiname</param>
            <returns>MD5-Hash der Datei oder Exceptionmessage</returns>
        </member>
        <member name="M:DistProtoService.DataManager.GetDatabaseDump">
            <summary>
            Liefert komplette Datenbasis als XML-String
            </summary>
            <returns>Datenbasis als XML-String</returns>
        </member>
        <member name="T:DistProtoService.FileUpload">
            <summary>
            Dient zum maschinellen Upload von Dateien aller Art, geht schneller als über SOAP.
            Im Querystring schickt der Client noch einige Job-Verwaltungsdaten mit: die ID, den Type, ob die Daten final sind und den Zielpfad (optional) also
            z.B. http://server/DistProtoService/FileUpload.aspx?id=1234&amp;type=mbo_jaws&amp;isFinalUpload=YES&amp;targetDir=sub\bock
            </summary>
        </member>
        <member name="M:DistProtoService.FileUpload.Initialize(System.String)">
            <summary>
            Wird vom Service1 aufgerufen, teilt uns den Applicationpfad mit.
            Methode liest auch Ergebnispfad aus der Config aus. Den muss man in dieser Klasse kennen, denn hier werden die ergebnisdateien abgespeichert
            </summary>
            <param name="appPath">Anwendungspfad</param>
        </member>
        <member name="M:DistProtoService.FileUpload.SetDataManager(DistProtoService.DataManager)">
            <summary>
            Zum Übergeben der Referenz auf den DataManager, wird von Service1 aufgerufen.
            </summary>
            <param name="man"></param>
        </member>
        <member name="M:DistProtoService.FileUpload.InitializeComponent">
            <summary>
            Required method for Designer support - do not modify
            the contents of this method with the code editor.
            </summary>
        </member>
        <member name="T:DistProtoService.GetFullDatabaseDump">
            <summary>
            Zusammenfassung für GetFullDatabaseDump.
            </summary>
        </member>
        <member name="M:DistProtoService.GetFullDatabaseDump.InitializeComponent">
            <summary>
            Erforderliche Methode für die Designerunterstützung. 
            Der Inhalt der Methode darf nicht mit dem Code-Editor geändert werden.
            </summary>
        </member>
        <member name="T:DistProtoService.Global">
            <summary>
            Für die Sicht auf's Globale.
            </summary>
        </member>
        <member name="M:DistProtoService.Global.InitializeComponent">
            <summary>
            Required method for Designer support - do not modify
            the contents of this method with the code editor.
            </summary>
        </member>
        <member name="T:DistProtoService.InputFilters">
            <summary>
            Sammelt statische Methoden um Benutzereingaben zu filtern.
            </summary>
        </member>
        <member name="M:DistProtoService.InputFilters.FilterPlatform(System.String)">
            <summary>
            Filtert Platform (Enfernen von Sonderzeichen, Grossschreibung, doppelte Semikolons entfernen...).
            </summary>
            <param name="input">Platform-Spezifikation</param>
            <returns>Saubere Plattform-Schreibung</returns>
        </member>
        <member name="M:DistProtoService.InputFilters.FilterFilelist(System.String,System.Boolean)">
            <summary>
            Filtert Dateiliste. Sonderzeichen entfernen...
            </summary>
            <param name="input">Dateiliste</param>
            <param name="pathsallowed">steuert, ob Pfadtrenner weggefiltert werden sollen</param>
            <returns>Saubere Dateiliste</returns>
        </member>
        <member name="M:DistProtoService.InputFilters.FilterYESNOInput(System.String)">
            <summary>
            Filtert Eingabe, die nur YES oder NO sein darf.
            </summary>
            <param name="input">ZU filternde Eingabe</param>
            <returns>Saubere YES/NO-Werte</returns>
        </member>
        <member name="M:DistProtoService.InputFilters.FilterMailAdress(System.String)">
            <summary>
            Testet ob halbwegs saubere email-Adresse angegeben wurde. Liefert NO falls nicht.
            </summary>
            <param name="input">Adresse</param>
            <returns>gefilterte mail-Adresse</returns>
        </member>
        <member name="M:DistProtoService.InputFilters.FilterType(System.String,System.Boolean)">
            <summary>
            Filtert aus Type-Angabe alles raus, was dort nichts zu suchen hat, vor allem Pfadtrenner.
            </summary>
            <param name="input">Type-Angabe</param>
            <param name="atallowed">ist der Klammeraffe erlaubt (wir nutzen die Funktion noch für anderes, deswegen...)</param>
            <returns>Sauberer Type</returns>
        </member>
        <member name="M:DistProtoService.InputFilters.FilterBaseStrings(System.String)">
            <summary>
            Löscht alle möglichen Sonderzeichen (Tabs, Zeilenumbrüche, Escapezeichen und anderes Gezöcht...) raus, die wir auf keinen Fall haben wollen.
            </summary>
            <param name="input">Zu filternde Zeichenkette</param>
            <returns>Gefilterte Zeichenkette</returns>
        </member>
        <member name="M:DistProtoService.InputFilters.CheckType(System.String)">
            <summary>
            Testet auf eine korrekte Type-Angabe der Form à la "bla_blubb"
            </summary>
            <param name="input">Type-Angabe</param>
            <returns>true falls ok, false sonst</returns>
        </member>
        <member name="T:DistProtoService.Job">
            <summary>
            Speichert Daten über einen Job, wird nur vom Scheduler temporär benutzt.
            </summary>
        </member>
        <member name="M:DistProtoService.Job.#ctor(System.String,System.String,System.Int32)">
            <summary>
            Legt einen Job an.
            </summary>
            <param name="type">Typ</param>
            <param name="id">ID</param>
            <param name="prio">Priorität</param>
        </member>
        <member name="P:DistProtoService.Job.ID">
            <summary>
            Liefert ID.
            </summary>
        </member>
        <member name="P:DistProtoService.Job.Type">
            <summary>
            Liefert Type.
            </summary>
        </member>
        <member name="P:DistProtoService.Job.Priority">
            <summary>
            Liefert Priorität.
            </summary>
        </member>
        <member name="T:DistProtoService.JobScheduler">
            <summary>
            Sammelt Daten über Zustand der Datenbasis und sucht passenden Job raus.
            Diese Klasse wird vom DataManager benutzt und braucht keine Threadsicherheit, da immer bei Bedarf von jedem Thread neu instantiiert.
            </summary>
        </member>
        <member name="M:DistProtoService.JobScheduler.#ctor(System.Int32,System.Int32,System.Int32)">
            <summary>
            Kontruktor, erhält Parameter die das Scheduling beeinflussen.
            </summary>
            <param name="userprob">Wahrscheinlichkeit dafür, dass der Type mit den absolut geringsten WORKING-Jobs bevorzugt wird (in %)</param>
            <param name="lowrate">Prozentsatz unterhalb dessen die DONE-Jobs bevorzugt werden</param>
            <param name="highrate">Prozentsatz oberhalb dessen die DONE-Jobs beschleunigt werden</param>
        </member>
        <member name="M:DistProtoService.JobScheduler.AddGeneralTypeData(System.String,System.String,System.String)">
            <summary>
            Damit teilt der DataManager Jobdaten mit (unabhängig dabvon, welchen Zustand der Job hat).
            Funktion muss für jeden Job aufgerufen werden, damit die Statistik vollständig ist und alle Jobs erfasst.
            </summary>
            <param name="type">Type des Jobs</param>
            <param name="status">Status des Jobs (also FREE, STATUS, WORKING)</param>
            <param name="time">Laufzeit des Jobs</param>
        </member>
        <member name="M:DistProtoService.JobScheduler.AddJobCandidate(System.String,System.String,System.Int32)">
            <summary>
            Damit teilt der Manager einen Kandidaten mit, d.h. einen Job der prinzipiell rausgegeben werden kann weil er zum anfragenden Agenten "passt".
            </summary>
            <param name="type">Type des Jobs</param>
            <param name="id">Job-ID</param>
            <param name="priority">Job-Priorität</param>
        </member>
        <member name="M:DistProtoService.JobScheduler.GetBestJobID(System.Int32,System.Boolean)">
            <summary>
            Diese Methode sucht aus allen bisher eingelieferten Kandidaten den passenden Job raus.
            Dazu stehen die bisher aus allen Jobs gewonnenen Statistiken zur Verfüchung.
            (Ja, genau. Das ist die Methode die dafür sorgt, dass sich die Herren Schmidt und Scheuermann nicht prügeln.)
            </summary>
            <param name="agentPower">Leistungskoeffizient des anfragenden Knotens</param>
            <param name="agentIsScreensaver">Zeigt an ob anfragender Agent als Screensaver läuft</param>
            <returns>Array enthält im Index 0 die ID des Jobs, im Index 1 eine Statusmeldung die angibt, welches Verfahren der Scheduler benutzt hat</returns>
        </member>
        <member name="M:DistProtoService.JobScheduler.GetTypeStatistics">
            <summary>
            Zur Ausgabe der Statistiken, nur zu Informationszwecken genutzt.
            </summary>
            <returns>Das Array enthält von jedem Type: Name, Anzahl Jobs, Anzahl DONE-Jobs, %-Rate DONE-Jobs, Anzahl WORKING-Jobs, Durchschnittlicher Leistungsbedarf eines Jobs</returns>
        </member>
        <member name="T:DistProtoService.JobStatus">
            <summary>
            Dynamische Webseite, enthält eine Tabelle die den Status der Jobdatenbasis anzeigt.
            </summary>
        </member>
        <member name="M:DistProtoService.JobStatus.InitializeComponent">
            <summary>
            Erforderliche Methode für die Designerunterstützung. 
            Der Inhalt der Methode darf nicht mit dem Code-Editor geändert werden.
            </summary>
        </member>
        <member name="T:DistProtoService.JobType">
            <summary>
            Diehnt dazu, statistische Daten für JobTypes zu erfassen.
            Also z.B. Anteil der erledigten Jobs für Jobs "mbo_jaws".
            Wird nur vom Scheduler temporär benutzt.
            </summary>
        </member>
        <member name="M:DistProtoService.JobType.#ctor(System.String)">
            <summary>
            Legt einen JobType an.
            </summary>
            <param name="name">Name des Types, z.B. "mbo_bench"</param>
        </member>
        <member name="M:DistProtoService.JobType.IncreaseJobCount(System.Boolean,System.Boolean)">
            <summary>
            Um die Anzahl der Jobs dieses Types zu erhöhen.
            </summary>
            <param name="DONE">Ist der Job DONE?</param>
            <param name="WORKING">Ist der Job WORKING?</param>
        </member>
        <member name="M:DistProtoService.JobType.AddExecutionTime(System.String)">
            <summary>
            Rechnet Laufzeit in Sekunden um und zählt sie zur vorhandenen Laufzeit dazu.
            Eingabe ist Zeugs wie 1.2:3:4.567 oder so.
            Das sind 1 Tag, 2 Stunden, 3 minuten, 4 Sekunden und 567 Millisekunden (die ignorieren wir).
            </summary>
            <param name="time">Zeitangabe</param>
        </member>
        <member name="M:DistProtoService.JobType.CalculateRateAndWeight">
            <summary>
            Rechnet DONE-Rate und Durschnittliche Lautzeit des Types in %-werte bzw normierte Werte aus {1, 2, 4} um.
            </summary>
        </member>
        <member name="P:DistProtoService.JobType.RelativeWeight">
            <summary>
            Zum Auslesen und Setzen des relativen Weightindexes
            </summary>
        </member>
        <member name="P:DistProtoService.JobType.AverageWeight">
            <summary>
            Zum Auslesen des Weightindexes
            </summary>
        </member>
        <member name="P:DistProtoService.JobType.AverageRate">
            <summary>
            Liefert relativen Anteil DONE-Jobs (in %).
            </summary>
        </member>
        <member name="P:DistProtoService.JobType.TypeName">
            <summary>
            Liefert Name des Typs.
            </summary>
        </member>
        <member name="P:DistProtoService.JobType.JobCount">
            <summary>
            Anzahl an Jobs dieses Types.
            </summary>
        </member>
        <member name="P:DistProtoService.JobType.DoneCount">
            <summary>
            Anzahl DONE Jobs.
            </summary>
        </member>
        <member name="P:DistProtoService.JobType.WorkingCount">
            <summary>
            Anzahl WORKING Jobs.
            </summary>
        </member>
        <member name="T:DistProtoService.MailNotification">
            <summary>
            Kümmert sich um das Verschicken von Mails, wird vom DataManager aufgerufen.
            </summary>
        </member>
        <member name="M:DistProtoService.MailNotification.#ctor(System.String,System.String,System.String,System.String)">
            <summary>
            Konstruktor, übernimmt Dinge die man einfach wissen muss wenn man ne mail verschickt.
            </summary>
            <param name="_from">Absender</param>
            <param name="_recepient">Empfänger</param>
            <param name="_subject">Subjekt</param>
            <param name="_smtpserver">SMTP-Server</param>
        </member>
        <member name="M:DistProtoService.MailNotification.SetMailJobData(System.String,System.String,System.String,System.String,System.String,System.String)">
            <summary>
            Hier werden die Jobdaten übergeben, also der Inhalt der Mail
            </summary>
            <param name="type">Type</param>
            <param name="id">ID</param>
            <param name="command">Befehlszeile</param>
            <param name="savedresults">gespeicherte Ergebnisse</param>
            <param name="node">Rechenknoten</param>
            <param name="time">Rechenzeit</param>
        </member>
        <member name="M:DistProtoService.MailNotification.Execute">
            <summary>
            Löst das Verschicken der mail aus.
            </summary>
        </member>
        <member name="T:DistProtoService.Node">
            <summary>
            Speichert ein paar Werte für Rechenknoten und verwurstelt sie untereinander...
            </summary>
        </member>
        <member name="M:DistProtoService.Node.#ctor(System.Int32,System.String)">
            <summary>
            Kontruktor, legt neuen Default-Knoten an.
            </summary>
            <param name="rawbench">Benchmarkwert</param>
            <param name="identity">Bezeichnung</param>
        </member>
        <member name="M:DistProtoService.Node.#ctor(System.String,System.String,System.Int32,System.Int32,System.Int32,System.Int32,System.String,System.Int32,System.Int32)">
            <summary>
            Kontruktor, legt neuen Knoten an. Wird verwendet um Knotendaten aus Sicherungsdatei zu rekonstruieren.
            </summary>
            <param name="identity">Bezeichner des Knotens</param>
            <param name="time">Zeit des letzten Bench-Updates</param>
            <param name="rawbench">Benchmarkwert</param>
            <param name="bench">Benchmarkindex</param>
            <param name="reliability">Zuverlässigkeit</param>
            <param name="totaljobscomitted">Anzalh erledigter Jobs des Knotens</param>
            <param name="executingtime">Gesamt-Auisführungszeit des Knotens</param>
            <param name="cpuqueue">letzte Wartenschlangenlänge</param>
            <param name="freeram">letzer RAM-Wert</param>
        </member>
        <member name="M:DistProtoService.Node.SetRawBench(System.Int32)">
            <summary>
            Erzeugt aud dem Roh-Benchmarkdaten den intern verwendeten Benchmarkindex
            Dessen Wert liegt bei -4, -2, 0, 2 oder 4, je nach Messwert.
            </summary>
            <param name="raw">Messert des Clients</param>
        </member>
        <member name="M:DistProtoService.Node.ReliabilityIsPositive">
            <summary>
            Zum Mitteilen dass die Zuverlässigkeit gut ist. Da dies eine erfolgreiche Ausführung bedeutet, wird gleich der Zähler dafür erhöht.
            </summary>
        </member>
        <member name="M:DistProtoService.Node.ReliabilityIsNegative">
            <summary>
            Zum Mitteilen dass die Zuverlässigkeit schlecht ist.
            </summary>
        </member>
        <member name="M:DistProtoService.Node.AddJobExecutionTime(System.String)">
            <summary>
            Addiert Ausführungszeit zur bisherigen dazu.
            </summary>
            <param name="time">Zeit im Standardformat d.hh:ss:mm.ms</param>
        </member>
        <member name="M:DistProtoService.Node.GetPowerCoefficient">
            <summary>
            Liefert den Gesamt-Leistungskoeffizient des Knotens.
            Dabei wird zum Bench-Index ein Drittel des Zuverlässigkeitswerts addiert und eine Zeitkoeffizient (je nach Anzahl der Tage -3 bis +3) addiert
            die Werte sollten sich also zwischen -10 und +10 bewegen
            </summary>
            <returns></returns>
        </member>
        <member name="P:DistProtoService.Node.CPUQueue">
            <summary>
            CPU-Thread Warteschlange des Knoten.
            </summary>
        </member>
        <member name="P:DistProtoService.Node.FreeRAM">
            <summary>
            Freier Hauptspeicher des Knoten.
            </summary>
        </member>
        <member name="P:DistProtoService.Node.Identity">
            <summary>
            Name des Agenten.
            </summary>
        </member>
        <member name="P:DistProtoService.Node.Bench">
            <summary>
            Benchmarkindex. Integerwert zwischen -4 und 4.
            </summary>
        </member>
        <member name="P:DistProtoService.Node.RawBench">
            <summary>
            Vom Client berechneter Benchmarkwert (in Millisekunden).
            </summary>
        </member>
        <member name="P:DistProtoService.Node.Reliability">
            <summary>
            Zuverlässigkeit des Knoten. Liegt zwischen -10 und +10
            </summary>
        </member>
        <member name="P:DistProtoService.Node.Time">
            <summary>
            Liefert Zeitpunkt des letzten Raw-Bench-Updates dieses Knotens.
            </summary>
        </member>
        <member name="P:DistProtoService.Node.ExecutingTime">
            <summary>
            Liefert Zeitdauer von allen erfolgreich ausgeführeten Jobs zusammen.
            </summary>
        </member>
        <member name="P:DistProtoService.Node.TotalJobsComitted">
            <summary>
            Liefert Anzahl aller erfolgreich ausgeführten Jobs.
            </summary>
        </member>
        <member name="T:DistProtoService.NodeManager">
            <summary>
            Der NodeManager verwaltet die einzelnen Rechenknoten.
            die Identität ist dabei [IP]Rechner\Benutzer, es fehlt also im Vergleich zum Agenten die Prozess-ID.
            Ein Node dient dazu, zu speichern wie gut schnell Rechenknoten rechnet, wie zuverlässig er ist, wie oft er sich verschluckt und welche Blutgruppe er hat.
            Diese Statistiken werden persistent gespeichert.
            </summary>
        </member>
        <member name="M:DistProtoService.NodeManager.#ctor(System.String)">
            <summary>
            Kontruktor legt Hashtable an und synchronisiert sie.
            </summary>
        </member>
        <member name="M:DistProtoService.NodeManager.Finalize">
            <summary>
            Führt Aktionen aus, die beim Beenden der Anwendung laufen sollen, in diesem Falle wird das Sichern der Node-Daten ausgelöst
            </summary>
        </member>
        <member name="M:DistProtoService.NodeManager.SetNodePower(System.String,System.Int32)">
            <summary>
            Zum Setzen der Benchmarkwerte für einen Knoten. Falls der Knoten nicht existiert wird er neu angelegt.
            </summary>
            <param name="identity">Bezeichnung</param>
            <param name="rawbench">Benchmarkwert (Zahl in Millisekunden)</param>
            <returns>Statusmeldung</returns>
        </member>
        <member name="M:DistProtoService.NodeManager.GetPowerCoefficient(System.String)">
            <summary>
            Zum Abfragen der Gesamt-Leitungsstärke, wird vom Node selber berechnet.
            Falls der Knoten nicht da ist, liefert die Methode 0 zurück
            </summary>
            <param name="identity">Bezeichnung des Knotens</param>
            <returns>Leistungskoeffizient (Zahl zwischen -10 und +10)</returns>
        </member>
        <member name="M:DistProtoService.NodeManager.GetRelativePowerCoefficient(System.String)">
            <summary>
            liefert den relativen Leistungscoeffizienten im Vergleich zum besten vorhandenen Knoten
            </summary>
            <param name="identity">Name des Knotens</param>
            <returns>Koeffizient, Zahl zwischen -10 und +10</returns>
        </member>
        <member name="M:DistProtoService.NodeManager.IncreaseNodeReliability(System.String)">
            <summary>
            Zum Mitteilen das ein Knoten erfolgreich beim einem Job war war.
            Sollte der Knoten fehlen wird er neu angelegt.
            </summary>
            <param name="identity">Knotenbezeichner</param>
        </member>
        <member name="M:DistProtoService.NodeManager.AddJobExecutionTimeForNode(System.String,System.String)">
            <summary>
            Zum Mitteilen wieviel Zeit ein Knoten für einen Job gebraucht hat.
            Sollte der Knoten fehlen wird er neu angelegt.
            </summary>
            <param name="identity">Knotenbezeichner</param>
            <param name="time">Ausführungszeit des Jobs</param>
        </member>
        <member name="M:DistProtoService.NodeManager.DecreaseNodeReliability(System.String)">
            <summary>
            Wird benutzt um mittzuteilen dass ein Node Mist gebaut hat.
            Fehlt der Knoten, wird er neu angelegt.
            </summary>
            <param name="identity">Bezeichner des Knotens</param>
        </member>
        <member name="M:DistProtoService.NodeManager.GetNodeStatus">
            <summary>
            Ausgabe aller Agenten mit Status. Dient eigentlich nur zu Debugzwecken.
            </summary>
            <returns>Das Array enthält TAB getrennt für jeden Knoten: Name, Benchmarkwert, Benchmarkindex, Zuverlässigkeit, Gesamtleistungskoeffizient, relativer Leistungskoeffizient, Anzahl erledigter Jobs, Gesamt-Arbeitszeit, CPU-Last, freier RAM</returns>
        </member>
        <member name="M:DistProtoService.NodeManager.SetNodeLoad(System.String,System.Int32,System.Int32)">
            <summary>
            Damit werden die Messerte eines Knotens aktualisiert
            </summary>
            <param name="identity">Identität des Knotens</param>
            <param name="cpuQueue">CPU-Last</param>
            <param name="freeRam">freier Hauptspeicher</param>
        </member>
        <member name="T:DistProtoService.NodeStatus">
            <summary>
            Dynamische Webseite, enthält eine Tabelle die den Status der Agenten anzeigt.
            </summary>
        </member>
        <member name="M:DistProtoService.NodeStatus.InitializeComponent">
            <summary>
            Erforderliche Methode für die Designerunterstützung. 
            Der Inhalt der Methode darf nicht mit dem Code-Editor geändert werden.
            </summary>
        </member>
        <member name="T:DistProtoService.Service1">
            <summary>
            DistProtoService SOAP-Schnittstelle, Ihr Nasen. By Matthias Bonn (2005)
            </summary>
        </member>
        <member name="M:DistProtoService.Service1.#ctor">
            <summary>
            Konstruktor, wird nur intern ASP.NET-intern verwendet
            </summary>
        </member>
        <member name="M:DistProtoService.Service1.InitializeComponent">
            <summary>
            Required method for Designer support - do not modify
            the contents of this method with the code editor.
            </summary>
        </member>
        <member name="M:DistProtoService.Service1.Dispose(System.Boolean)">
            <summary>
            Clean up any resources being used.
            </summary>
        </member>
        <member name="M:DistProtoService.Service1.Initialize(System.String)">
            <summary>
            Instanziiert und initialisiert den DataManager, den NodeManager und den AgentManager.
            Ist static damit von Global aus aufrufbar beim Application Start,
            wird nur dann aufgerufen wenn ASP.NET die WebApp startet.
            </summary>
            <param name="appPath">Anwendungsverzeichnis</param>
        </member>
        <member name="M:DistProtoService.Service1.Finalize">
            <summary>
            Aufräumarbeiten am Schluss, ruft Finalize() des DataManagers auf.
            </summary>
        </member>
        <member name="M:DistProtoService.Service1.ReInitialize(System.String,System.String)">
            <summary>
            Zum re-initialisieren, nur zu Testzwecken oder in Notfällen.
            Ruf die normalerweise automatisch aufgerufene Methode Initialize() auf
            </summary>
            <param name="jobDataPath">Absolutpfad zum Applikationsverzeichnis</param>
            <param name="masterpw">Chef-Passwort</param>
        </member>
        <member name="M:DistProtoService.Service1.GetJob(System.String,System.String,System.String,System.Int32)">
            <summary>
            Webmethode, liefert an anfragende Agenten Job aus.
            </summary>
            <param name="agentPlatform">Gibt an, welche Art von Jobs der Agent ausführen kann, Konkatenation von Charakters, erlaubt sind 'W'(Windows nativ), 'N'(.NET unter Windows), 'J'(Java), 'L'(Linux nativ) und 'M'(Mono-.NET). Beispiel: "WNJ"</param>
            <param name="type">Gewünschter Job-Typ (z.B. "mbo_jaws"), kann auch leer sein oder Teilstrings (z.B. "mbo_") enthalten</param>
            <param name="node">Damit kann der aufrufende Agent einen Namen mitschicken</param>
            <param name="downloadLimit">Damit teilt der Agent mit, wieviel Daten er maximal download will</param>
            <returns>JobDaten, das Array enthält die Werte [0]Status (JOB_OK oder NO_JOBS_AVAILABLE),  [1]Typ,  [2]ID,  [3]Befehlszeile des Jobs,  [4]Namen der Ergebnisdatein zum für Upload nach Job-Ende,  [5]Binärdateien die runtergeladen werden müssen, [6]String der Anzeigt ob temp-Upload gewünscht ist (YES|NO), [7]Sicherungs-ID, [8]Freier Job-Bezeichner in den die Consolenausgabe gespeichert wird </returns>
        </member>
        <member name="M:DistProtoService.Service1.CommitJob(System.String,System.String,System.String,System.String,System.String,System.String,System.String)">
            <summary>
            Webmethode, zum Bestätigen eines erfolgreichen Job-Endes.
            </summary>
            <param name="type">Job-Typ</param>
            <param name="id">ID</param>
            <param name="resultFiles">Namen der Ergebnisdateien, Semikolongetrennt</param>
            <param name="time">Zeit die der Job benötigt hat (wird vom Agenten gemessen)</param>
            <param name="node">damit kann der Aufrufende Agent einen Namen mitschicken</param>
            <param name="rndID">Sicherungs-ID des Jobs</param>
            <param name="hash">MD5 Hashcode über die einzelnen Parameter (berechnet Agent)</param>
            <returns>Ergebniscode: HASH_WRONG, RESULT_NOT_SAVED oder RESULT_SAVED</returns>
        </member>
        <member name="M:DistProtoService.Service1.AddJob(System.String,System.String,System.String,System.String,System.String,System.String,System.String,System.String,System.String,System.String)">
            <summary>
            Webmethode, zum Hinzufügen eines Jobs zur Datenbasis. Wird von den Manager-Tools verwendet.
            </summary>
            <param name="type">Typ des Jobs</param>
            <param name="jobPlatform">Gibt an, auf welcher Platform der Job ausgeführt werden muss, Konkatenation von Charakters, erlaubt sind 'W'(Windows nativ), 'N'(.NET unter Windows), 'J'(Java), 'L'(Linux nativ) und 'M'(Mono-.NET). Beispiel: "J"</param>
            <param name="command">Befehlszeile, die ausgeführt werden soll, dabei sind auch Batchdateien mit Konsolen-Ausgabeumleitung möglich</param>
            <param name="resultFiles">Namen der Ergebnisdateien, die nach dem Job-Ende vom Agenten hochgeladen werden sollen</param>
            <param name="maintainoutput">Falls YES werden die Ergebnisdateien bei den Eingabedateien gehalten, sie können somit für neue Jobs alas Quelldatei wiederverwendet werden</param>
            <param name="files">Dateien, die der Agent vor dem Starten runterladen soll</param>
            <param name="mailNotification">email-Adresse an die eine Benachtrichtigungsmail geschickt wird wenn Job fertig ist, kann auch leer bleiben</param>
            <param name="periodicUpload">Zeigt an ob Teilergebnisse periodisch geuploadet werden sollen, kann YES oder NO sein</param>
            <param name="userIdentifier">Freier Bezeichner des Jobs, kann vom Entwickler verwendet werden um Namen der stdout, error und exit-Files anzugeben</param>
            <param name="preUserIdentifiers">Semikolongetrennte Liste der userIdentifiers, die DONE sein müssen bevor dieser Job laufen darf</param>
            <returns>Code der Erfolg anzeigt (JOB_ADDED)</returns>
        </member>
        <member name="M:DistProtoService.Service1.AddJobsBlock(System.String[])">
            <summary>
            Zum Upload mehrerer Jobs gleichzeitig. Ein Array-Index enthält einen kompletten Job:
            Ein einzelner Job ist ein TAB-getrennter String: type TAB platform TAB command TAB resultfiles TAB maintainoutput TAB files TAB mailnotification TAB tempupload TAB userIdentifier TAB preUserIdentifiers.
            Sollte ein einzelnes Feld nicht benötigt werden, so ist ein Leerstring einzutragen.
            Fehlen TABs wird der Job nicht übernommen.
            </summary>
            <param name="jobArray">Das Job-Array</param>
            <returns>JOB_BLOCK_ADDED: + Anzahl der Jobs</returns>
        </member>
        <member name="M:DistProtoService.Service1.MarkAllJobsFree(System.String)">
            <summary>
            Webmethode, gibt alle aktuelle vorhandenen Job wieder frei. Nur zu Testzwecken.
            </summary>
            <param name="masterpw">Chef-Passwort</param>
            <returns>OK oder PASS_WRONG</returns>
        </member>
        <member name="M:DistProtoService.Service1.SetPermissions(System.Boolean,System.Boolean,System.String)">
            <summary>
            Webmethode, sperrt das Hinzufügen und das Bestätigen bzw gibt sie frei. Nur zu Testzwecken.
            </summary>
            <param name="allowGet">erlaubt/verbietet Job-Get</param>
            <param name="allowSet">erlaubt/verbietet Job-Commit</param>
            <param name="masterpw">Chef-Passwort</param>
            <returns>OK oder PASS_WRONG</returns>
        </member>
        <member name="M:DistProtoService.Service1.GetJobStatus(System.String,System.Boolean)">
            <summary>
            Webmethode, liefert aktuellen Datenzustand aus. Vom Managertool verwendet.
            </summary>
            <param name="type">Typen die ausgeliefert werden soll, kann auch leer sein, Teilstrings sind ebenfalls erlaubt</param>
            <param name="onlyDoneJobs">falls true, werden nur fertige Jobs angezeigt</param>
            <returns>Alle Jobs. Ein Job besteht aus einem Tab-getrennten String: Typ, ID, status, platform, command, savedresults, userPriority, Node, Time</returns>
        </member>
        <member name="M:DistProtoService.Service1.ReloadJobs(System.String)">
            <summary>
            Webmethode, lädt die Jobs neu von Platte.
            Nur zu Testzwecken von aussen erreichbar, da normalerweise intern im DataManager aufgerufen.
            </summary>
            <param name="masterpw">Chef-Passwort</param>
            <returns>OK oder PASS_WRONG</returns>
        </member>
        <member name="M:DistProtoService.Service1.ExchangeStatus(System.String,System.String,System.String,System.String,System.String,System.Int32,System.Int32,System.String)">
            <summary>
            Webmethode, zum Austausch von Statusinformationen zwischen Agent und Server, damit teilt der Agent dem Server mit, dass er noch "lebt" und der Job noch läuft.
            </summary>
            <param name="type">Typ</param>
            <param name="id">ID</param>
            <param name="status">Status</param>
            <param name="node">Rechnernamen</param>
            <param name="time">Zeit</param>
            <param name="cpuqueue">CPU-Threadwarteschlange des Knotens</param>
            <param name="freeram">freier Hauptspeicher des Knotens</param>
            <param name="rndID">Sicherungs-ID des Jobs</param>
            <returns>Antwortcode: OK, KILL_JOB (falls Server den Job nicht finden kann muss Agent ihn abbrechen)</returns>
        </member>
        <member name="M:DistProtoService.Service1.SetJobsFree(System.String,System.String)">
            <summary>
            Webmethode, zum erneuten Freigeben von Jobs, neu freigegebener Job erhält neue ID.
            Von Managertool aufgerufen.
            </summary>
            <param name="list">Liste der IDs die freigegeben werden sollen, Semikolon-getrennt</param>
            <param name="hash">Hash der Liste, wird von Manager berechnet</param>
            <returns>Statusmeldung: HASH_WRONG, JOBS_NOT_SET_FREE oder JOBS_SET_FREE: + Anzahl der freigesetzten IDs </returns>
        </member>
        <member name="M:DistProtoService.Service1.SetJobsBlocked(System.String,System.String)">
            <summary>
            Webmethode, zum blockieren von Jobs. Blockierter Job wird nicht herausgegeben.
            Sollte Job schon vergeben sein, erhält bearbeitender Client Meldung zum Abbruch. Vom Manager verwendet.
            </summary>
            <param name="list">Liste der IDs die freigegeben werden sollen, Semikolon-getrennt</param>
            <param name="hash">Hash der Liste, wird von Manager berechnet</param>
            <returns>Statusmeldung: HASH_WRONG, JOBS_NOT_BLOCKED oder JOBS_BLOCKED: + Anzahl der blockierten IDs </returns>
        </member>
        <member name="M:DistProtoService.Service1.SetJobsMaxZeroCount(System.String,System.String,System.Int32)">
            <summary>
            Webmethode zum ändern der maximalen Anzahl an countdown-Abläufen bis ein Job automatisch blockiert wird. Default ist 5.
            </summary>
            <param name="list">Liste der jobs, Semikolon-getrennt</param>
            <param name="hash">Hash der Liste, wird von Manager berechnet</param>
            <param name="maxzerocount">neuer max-Wert</param>
            <returns>Statusmeldung: HASH_WRONG, JOBS_NOT_CHANGED_MAXZEROCOUNT oder JOBS_CHANGED_MAXZEROCOUNT: + Anzahl der geänderten Jobs</returns>
        </member>
        <member name="M:DistProtoService.Service1.SetJobsMaxRunningTime(System.String,System.String,System.Int32)">
            <summary>
            Webmethode zum ändern der maximalen Laufzeit (in Stunden) von Jobs bevor sie abgebrochen werden. Default ist 24.
            </summary>
            <param name="list">Liste der Jobs, Semikolon-getrennt</param>
            <param name="hash">Hash der Liste, wird von Manager berechnet</param>
            <param name="maxrunningtime">neue maximale Laufzeit in Stunden</param>
            <returns>Statusmeldung: HASH_WRONG, JOBS_NOT_CHANGED_MAXRUNNINGTIME oder JOBS_CHANGED_MAXRUNNINGTIME: + Anzahl der geänderten Jobs</returns>
        </member>
        <member name="M:DistProtoService.Service1.SetJobsUserPriority(System.String,System.String,System.Int32)">
            <summary>
            Webmethode zum ändern der benutzerdefinierten Priorität von Jobs. Wird beim Schedulen verwendet wenn der Scheduler sich zwischen Job des gleichen Benutzers entscheiden muss. Default ist 5.
            </summary>
            <param name="list">Liste der jobs, Semikolon-getrennt</param>
            <param name="hash">Hash der Liste, wird von Manager berechnet</param>
            <param name="priority">neuer Prioritäten-Wert</param>
            <returns>Statusmeldung: HASH_WRONG, JOBS_NOT_CHANGED_USERPRIORITY oder JOBS_CHANGED_USERPRIORITY: + Anzahl der geänderten Jobs</returns>
        </member>
        <member name="M:DistProtoService.Service1.DeleteJobsByList(System.String,System.String)">
            <summary>
            Webmethode, zum Löschen eines Jobs. Wird vom Manager verwendet.
            </summary>
            <param name="idList">Semikolon-getrennte Liste der IDs die gelöscht werden sollen</param>
            <param name="hash">Hash der Liste, wird von Manager berechnet</param>
            <returns>Statusanzeige: JOBS_DELETED, JOB_NOT_DELETED, HASH_WRONG</returns>
        </member>
        <member name="M:DistProtoService.Service1.DeleteDoneJobsByType(System.String,System.String)">
            <summary>
            Webmethode, löscht abgearbeitete Jobs eines Typs. Vom Managertool verwendet.
            </summary>
            <param name="type">Typ</param>
            <param name="hash">Hash über den Typ, von Manager berechnet</param>
            <returns>HASH_WRONG oder JOBS_DELETED</returns>
        </member>
        <member name="M:DistProtoService.Service1.UpdateCountdowns(System.String)">
            <summary>
            Webmethode, Update für die internen Zähler die anzeigen, wie lange ein WORKING-Job noch zu leben hat wenn sich der Agent nicht meldet.
            Nur zu Testzwecken, wird normalerweise periodisch intern im DataManager aufgerufen.
            </summary>
            <param name="masterpw">Chef-Passwort</param>
            <returns>OK oder PASS_WRONG</returns>
        </member>
        <member name="M:DistProtoService.Service1.GetAgentStatus">
            <summary>
            Webmethode, liefert Status über aktuell am System bekannte Agenten aus.
            </summary>
            <returns>Das Array enthält Tabulator-getrennt für jeden Agenten: Name, Status, Zeitpunkt des letzten Kontakts, letzten Typr, Forced Type, letzte Platform, forced Platform</returns>
        </member>
        <member name="M:DistProtoService.Service1.ClearAgentsOlderThan(System.Int32)">
            <summary>
            Webmethode, liefert Status über aktuell am System bekannte Agenten aus
            </summary>
            <returns>Das Array enthält Tabulator-getrennt für jeden Agenten: Name, Status, Zeitpunkt des letzten Kontakts</returns>
        </member>
        <member name="M:DistProtoService.Service1.ForceAgent(System.String,System.String,System.String,System.String)">
            <summary>
            Webmethode, dient dazu Agenten auf eine bestimmte Plattform und Typ zu zwingen.
            Wird vom Managertool aufgerufen.
            </summary>
            <param name="identityList">Kennung der Agenten, Semikolongetrennt</param>
            <param name="forcedJobType">neuer Type</param>
            <param name="forcedPlatform">neue Platform</param>
            <param name="masterpw">Chef-Passowort</param>
            <returns>false falls Passwort falsch, sonst true</returns>
        </member>
        <member name="M:DistProtoService.Service1.GetAgentOrder(System.String,System.String,System.String)">
            <summary>
            Damit holt sich der Agent neue Instruktionen vom Server,
            damit holt sich der Agent die mit der ForceAgent() Methode gesetzten Werte
            </summary>
            <param name="node">Agenten Name</param>
            <param name="actualAgentJobType">Typ den der Agent gerade ausgeführt hat</param>
            <param name="actualAgentPlatform">Platform des Agenten</param>
            <returns>array[0] enthält neuen Typ, array[1] enthält neue Plattform</returns>
        </member>
        <member name="M:DistProtoService.Service1.SetAgentLogMessage(System.String,System.String)">
            <summary>
            Damit kann der Agent eine Nachricht zum Server schicken die der dann in ein spezielles Log schreibt
            </summary>
            <param name="message">Die Nachricht</param>
            <param name="agentName">Agenten-Name</param>
        </member>
        <member name="M:DistProtoService.Service1.SetNodePower(System.String,System.Int32)">
            <summary>
            Damit teilt der Agent seine Benchergebnisse mit die er beim Start durchführt
            </summary>
            <param name="node">Bezeichner des Agenten/der Maschine</param>
            <param name="bench">Ergebnis des Benchs</param>
        </member>
        <member name="M:DistProtoService.Service1.GetNodeStatus">
            <summary>
            Webmethode, liefert Leistungsstatistiken über aktuell am System bekannte Rechenknoten aus, nur zu Testzwecken.
            Wird normalerweise nur intern beim Schedulen verwendet
            </summary>
            <returns>Das Array enthält Tabulator-getrennt für jeden Knoten: Name, Benchwert, Bench-Index, Zuverlässigkeit, Leistunskoeffizient, relativer Leistunskoeffizient, Anzahl erledigter Jobs, Gesamt-Arbeitszeit, CPU-Last, freier Speicher</returns>
        </member>
        <member name="M:DistProtoService.Service1.GetTypeStatistics">
            <summary>
            Webmethode, liefert statistische Daten über die einzelnen JobTypes.
            Vom Managertool verwendet.
            </summary>
            <returns>Das Array enthält Namen, Anzahl Jobs, Anzahl DONE-Jobs, DONE-Rate (in %) und durchschnittliches Job-Weight</returns>
        </member>
        <member name="M:DistProtoService.Service1.GetWebMethodStatistics">
            <summary>
            Liefert statistische Daten über die meisten im Betrieb relevanten Webmethoden
            </summary>
            <returns>Das Array enthält Tab-getrennt den Namen, Anzahl der Aufrufe, Durchschnittliche Aufrufdauer in Millisekunden und die Dauer der letzten 5 Aufrufe (kommagetrennt)</returns>
        </member>
        <member name="M:DistProtoService.Service1.GetConsoleOutputOfJob(System.String)">
            <summary>
            Liefert die Konsolenausgabe eines Jobs, falls vorhanden, Fehlermeldung sonst
            </summary>
            <param name="jobID">ID des fraglichen Jobs</param>
            <returns>Konsolenausgabe des Jobs (out, error, exit-Code) oder Fehlermeldung</returns>
        </member>
        <member name="M:DistProtoService.Service1.GetFullJobData(System.String)">
            <summary>
            Liefert komplette Datenbankdaten eines einzelnen Jobs (auch die nur intern verwendeteten Datenfelder).
            </summary>
            <param name="jobID">ID des gefragten Jobs</param>
            <returns>alle Jobdaten</returns>
        </member>
        <member name="M:DistProtoService.Service1.GetMD5Sum(System.String,System.String)">
            <summary>
            Webmethode, liefert die MD5 Summe einer Datei.
            </summary>
            <param name="jobType">Typ des Jobs, in der üblichen Form: [user]_[typ]</param>
            <param name="fileName">fragliche Datei</param>
            <returns>Die MD5-Hashsumme der Datei, falls auf dem server vorhanden</returns>
        </member>
        <member name="M:DistProtoService.Service1.MOTD">
            <summary>
            Webmethode, Message Of The Day.
            </summary>
            <returns>was spassiges. oder so. Und ein paar Daten über den Server selbst.</returns>
        </member>
        <member name="M:DistProtoService.Service1.RunTestSequence(System.Boolean)">
            <summary>
            Testet die Funktion einiger typischen Funktionen
            </summary>
            <param name="executeTests">zeigt an, ob die Tests tatsächlich ausgeführt werden sollen</param>
            <returns>Das Array enthält pro Index den Namen des Tests und TAb-getrennt die Zeitdauer in Millisekunden</returns>
        </member>
        <member name="M:DistProtoService.Service1.TestIPPermissions">
            <summary>
            Webmethode, zu Debugzwecken
            </summary>
            <returns>true oder false</returns>
        </member>
        <member name="M:DistProtoService.Service1.GetDatabaseDump">
            <summary>
            Liefert komplette Datenbasis als XML-String
            </summary>
            <returns>Datenbasis als XML-String</returns>
        </member>
        <member name="T:DistProtoService.Timer">
            <summary>
            Diese Klasse dient nur dazu, einen eigenen Thread zu beherrbergen.
            Damit werden dann periodisch zwei Methoden von DataManager aufgerufen.
            </summary>
        </member>
        <member name="M:DistProtoService.Timer.#ctor(DistProtoService.DataManager,System.Int32,System.Int32)">
            <summary>
            Kontruktor, braucht Referenz auf DataManager und Intervallangabe und Reload-Multiplikator.
            </summary>
            <param name="aufrufer">DataManager</param>
            <param name="intervl">Pause zwischen 2 Aufrufen, in Millisekunden</param>
            <param name="mult">Anzahl der Durchgänge, die realod der Datenbasis nicht aufgerufen wird</param>
        </member>
        <member name="M:DistProtoService.Timer.Run">
            <summary>
            Die Endlosmethode, ist blockierend, muss also immer in einem eigenen Thread laufen!
            </summary>
        </member>
        <member name="T:DistProtoService.WebMethodStats">
            <summary>
            Speichert statistische Daten einer Webmethode.
            </summary>
        </member>
        <member name="M:DistProtoService.WebMethodStats.#ctor(System.String)">
            <summary>
            Legt Repräsentation einer Webmethode an.
            </summary>
            <param name="name">Name der Methode</param>
        </member>
        <member name="M:DistProtoService.WebMethodStats.AddCallDuration(System.Int32)">
            <summary>
            Fügt eine Aufrufdauer hinzu.
            </summary>
            <param name="duration">Aufrufdauer in ms</param>
        </member>
        <member name="M:DistProtoService.WebMethodStats.IncreaseNumberOfCalls">
            <summary>
            Erhöht die Anzahl der Aufrufe um 1.
            </summary>
        </member>
        <member name="M:DistProtoService.WebMethodStats.GetCallDurations">
            <summary>
            Liefert die letzten 5 Aufrufzeiten.
            </summary>
            <returns>Die letzten Aufrufzeiten, Kommagetrennt in Millisekunden, neuester Wert vorne.</returns>
        </member>
        <member name="M:DistProtoService.WebMethodStats.GetAverageCallDuration">
            <summary>
            Liefert durchschnittliche Aufrufzeit.
            </summary>
            <returns>Schnitt in ms. Liefert -1 falls keine Werte vorhanden sind.</returns>
        </member>
        <member name="P:DistProtoService.WebMethodStats.Name">
            <summary>
            liefert den Namen der Methode.
            </summary>
        </member>
        <member name="P:DistProtoService.WebMethodStats.NumberOfCalls">
            <summary>
            Liefert die Anzahl der Aufrufe.
            </summary>
        </member>
        <member name="T:DistProtoService.WSStatsManager">
            <summary>
            Verwaltet statistische Daten über die Aufrufe der Webmethoden ann der SOAP-Schnittstelle.
            Nur zu Test und Debug-Zwecken.
            </summary>
        </member>
        <member name="M:DistProtoService.WSStatsManager.#ctor">
            <summary>
            Legt Manager an.
            </summary>
        </member>
        <member name="M:DistProtoService.WSStatsManager.MethodWasCalled(System.String,System.Int32)">
            <summary>
            Zum Mitteilen, dass eine Methode aufgerufen wurde.
            </summary>
            <param name="methodName">Name der Methode</param>
            <param name="duration">Dauer des Aufrufs in ms</param>
        </member>
        <member name="M:DistProtoService.WSStatsManager.GetWebMethodStatistics">
            <summary>
            Liefert statistische Daten der Webmethoden.
            </summary>
            <returns>Das Array enthält Tab-getrennt den Namen, Anzahl der Aufrufe, Durchschnittliche Aufrufdauer in Millisekunden und die Dauer der letzten 5 Aufrufe (kommagetrennt)</returns>
        </member>
    </members>
</doc>
