<?xml version="1.0" standalone="yes"?>
<NewDataSet>
  <Table1>
    <jobID>08051611-49505986029100001</jobID>
    <jobType>mbo_bench</jobType>
    <status>DONE</status>
    <countdown>5</countdown>
    <platform>N.*.*.*</platform>
    <command>RandomWriter.exe daten.dat 50000</command>
    <resultfiles>*</resultfiles>
    <savedresults>daten.dat</savedresults>
    <maintainoutput>NO</maintainoutput>
    <files>RandomWriter.exe</files>
    <node>aifbacheron[85fd8aa7]\bonn.3884</node>
    <time>00:00:03.4549680</time>
    <mailnotification>NO</mailnotification>
    <nrzerocountdowns>0</nrzerocountdowns>
    <maxzerocountdowns>5</maxzerocountdowns>
    <maxrunningtime>24</maxrunningtime>
    <rndID>8850</rndID>
    <tempupload>NO</tempupload>
    <userIdentifier>datentest3</userIdentifier>
    <userPriority>4</userPriority>
    <preUserIdentifiers />
    <commitTimestamp>633535495342566803</commitTimestamp>
  </Table1>
  <Table1>
    <jobID>08051611-49506636965100002</jobID>
    <jobType>mbo_bench</jobType>
    <status>DONE</status>
    <countdown>5</countdown>
    <platform>N.*.*.*</platform>
    <command>RandomWriter.exe daten.dat 50000</command>
    <resultfiles>*</resultfiles>
    <savedresults>daten.dat</savedresults>
    <maintainoutput>NO</maintainoutput>
    <files>RandomWriter.exe</files>
    <node>aifbacheron[85fd8aa7]\bonn.5680</node>
    <time>00:00:05.4378192</time>
    <mailnotification>NO</mailnotification>
    <nrzerocountdowns>0</nrzerocountdowns>
    <maxzerocountdowns>5</maxzerocountdowns>
    <maxrunningtime>24</maxrunningtime>
    <rndID>2834</rndID>
    <tempupload>NO</tempupload>
    <userIdentifier>datentest3</userIdentifier>
    <userPriority>4</userPriority>
    <preUserIdentifiers />
    <commitTimestamp>633535495844188099</commitTimestamp>
  </Table1>
  <Table1>
    <jobID>08051613-49624196006700003</jobID>
    <jobType>mbo_bench</jobType>
    <status>DONE</status>
    <countdown>5</countdown>
    <platform>N.*.*.*</platform>
    <command>RandomWriter.exe daten.dat 50000</command>
    <resultfiles>*</resultfiles>
    <savedresults>daten.dat</savedresults>
    <maintainoutput>NO</maintainoutput>
    <files>RandomWriter.exe</files>
    <node>aifbacheron[85fd8aa7]\bonn.6360</node>
    <time>00:00:04.9871712</time>
    <mailnotification>NO</mailnotification>
    <nrzerocountdowns>0</nrzerocountdowns>
    <maxzerocountdowns>5</maxzerocountdowns>
    <maxrunningtime>24</maxrunningtime>
    <rndID>7169</rndID>
    <tempupload>NO</tempupload>
    <userIdentifier>datentest3</userIdentifier>
    <userPriority>4</userPriority>
    <preUserIdentifiers />
    <commitTimestamp>633535496486211283</commitTimestamp>
  </Table1>
  <Table1>
    <jobID>08051702-52535802691500004</jobID>
    <jobType>mbo_bench</jobType>
    <status>DONE</status>
    <countdown>5</countdown>
    <platform>N.*.*.*</platform>
    <command>RandomWriter.exe daten.dat 50000</command>
    <resultfiles>*</resultfiles>
    <savedresults>daten.dat</savedresults>
    <maintainoutput>NO</maintainoutput>
    <files>RandomWriter.exe</files>
    <node>aifbacheron[85fd8aa7]\bonn.2092</node>
    <time>00:00:06.9600080</time>
    <mailnotification>NO</mailnotification>
    <nrzerocountdowns>0</nrzerocountdowns>
    <maxzerocountdowns>5</maxzerocountdowns>
    <maxrunningtime>24</maxrunningtime>
    <rndID>2875</rndID>
    <tempupload>NO</tempupload>
    <userIdentifier>datentest3</userIdentifier>
    <userPriority>4</userPriority>
    <preUserIdentifiers />
    <commitTimestamp>633535525766113715</commitTimestamp>
  </Table1>
</NewDataSet>