<?xml version="1.0" standalone="yes"?>
<nodes>
  <node identity="[127.0.0.1]drgfdfgdfgdfg">
    <time>04.08.2008 14:10:13</time>
    <timestamp>1055890930</timestamp>
    <rawbench>5555</rawbench>
    <bench>2</bench>
    <totaljobscomitted>0</totaljobscomitted>
    <executingtime>00:00:00</executingtime>
    <cpuqueue>-1</cpuqueue>
    <freeram>-1</freeram>
    <totalfailedminutes>0</totalfailedminutes>
    <timequeue>
    </timequeue>
    <failtimequeue>
    </failtimequeue>
    <uptimequeue>
    </uptimequeue>
    <successerrorhistory>-1,-1,-1,-1,-1,-1,1,1,1,1</successerrorhistory>
  </node>
  <node identity="aifbacheron[85fd8aa7]\bonn">
    <time>04.08.2008 13:17:02</time>
    <timestamp>1055890877</timestamp>
    <rawbench>8317</rawbench>
    <bench>2</bench>
    <totaljobscomitted>55</totaljobscomitted>
    <executingtime>00:15:36.8170768</executingtime>
    <cpuqueue>-1</cpuqueue>
    <freeram>-1</freeram>
    <totalfailedminutes>0</totalfailedminutes>
    <timequeue>0,0,0,0,0,0,0,0,0,0</timequeue>
    <failtimequeue>0,0</failtimequeue>
    <uptimequeue>1551,1589,1593,1595,1596,1608,1615,1616,1617,1665</uptimequeue>
    <successerrorhistory>1,1,1,1,1,1,1,1,1,1</successerrorhistory>
  </node>
  <node identity="[127.0.0.1]345345">
    <time>04.08.2008 14:37:15</time>
    <timestamp>1055890957</timestamp>
    <rawbench>12345</rawbench>
    <bench>-2</bench>
    <totaljobscomitted>0</totaljobscomitted>
    <executingtime>00:00:00</executingtime>
    <cpuqueue>-1</cpuqueue>
    <freeram>-1</freeram>
    <totalfailedminutes>0</totalfailedminutes>
    <timequeue>
    </timequeue>
    <failtimequeue>
    </failtimequeue>
    <uptimequeue>
    </uptimequeue>
    <successerrorhistory>-1,-1,-1,-1,-1,-1,-1,-1,-1,1</successerrorhistory>
  </node>
  <node identity="[127.0.0.1]sersdfsdf">
    <time>04.08.2008 13:58:42</time>
    <timestamp>1055890918</timestamp>
    <rawbench>5555</rawbench>
    <bench>2</bench>
    <totaljobscomitted>0</totaljobscomitted>
    <executingtime>00:00:00</executingtime>
    <cpuqueue>-1</cpuqueue>
    <freeram>-1</freeram>
    <totalfailedminutes>0</totalfailedminutes>
    <timequeue>
    </timequeue>
    <failtimequeue>0,0</failtimequeue>
    <uptimequeue>89,89</uptimequeue>
    <successerrorhistory>-1,-1,-1,-1,1,1,1,1,-1,-1</successerrorhistory>
  </node>
  <node identity="blubb[michnichtan]\bonn">
    <time>28.07.2008 21:29:45</time>
    <timestamp>1055881289</timestamp>
    <rawbench>9898</rawbench>
    <bench>2</bench>
    <totaljobscomitted>0</totaljobscomitted>
    <executingtime>00:00:00</executingtime>
    <cpuqueue>-1</cpuqueue>
    <freeram>-1</freeram>
    <totalfailedminutes>0</totalfailedminutes>
    <timequeue>
    </timequeue>
    <failtimequeue>
    </failtimequeue>
    <uptimequeue>
    </uptimequeue>
    <successerrorhistory>1,1,1,1</successerrorhistory>
  </node>
  <node identity="[127.0.0.1]dslfjidofigdofig">
    <time>04.08.2008 13:55:06</time>
    <timestamp>1055890915</timestamp>
    <rawbench>8599</rawbench>
    <bench>0</bench>
    <totaljobscomitted>0</totaljobscomitted>
    <executingtime>00:00:00</executingtime>
    <cpuqueue>-1</cpuqueue>
    <freeram>-1</freeram>
    <totalfailedminutes>0</totalfailedminutes>
    <timequeue>
    </timequeue>
    <failtimequeue>
    </failtimequeue>
    <uptimequeue>
    </uptimequeue>
    <successerrorhistory>-1,-1,-1,-1,-1,-1,-1,-1,-1,1</successerrorhistory>
  </node>
  <node identity="[127.0.0.1]12345">
    <time>04.08.2008 14:34:11</time>
    <timestamp>1055890954</timestamp>
    <rawbench>12345</rawbench>
    <bench>-2</bench>
    <totaljobscomitted>0</totaljobscomitted>
    <executingtime>00:00:00</executingtime>
    <cpuqueue>-1</cpuqueue>
    <freeram>-1</freeram>
    <totalfailedminutes>0</totalfailedminutes>
    <timequeue>
    </timequeue>
    <failtimequeue>
    </failtimequeue>
    <uptimequeue>
    </uptimequeue>
    <successerrorhistory>-1,-1,-1,-1,-1,-1,-1,-1,-1,1</successerrorhistory>
  </node>
</nodes>