<?xml version="1.0" standalone="yes"?>
<NewDataSet>
  <Table1>
    <jobID>05211438-27794792132800011</jobID>
    <jobType>mbo_bench</jobType>
    <status>DONE</status>
    <countdown>5</countdown>
    <platform>N.*.*.*</platform>
    <command>bench.exe a 11 33</command>
    <resultfiles>results.log</resultfiles>
    <savedresults>results.log</savedresults>
    <maintainoutput>YES</maintainoutput>
    <files>bench.exe</files>
    <node>aifbacheron[85fd8aa7]\bonn.2036</node>
    <time>00:00:04.0458176</time>
    <mailnotification>NO</mailnotification>
    <nrzerocountdowns>0</nrzerocountdowns>
    <maxzerocountdowns>5</maxzerocountdowns>
    <maxrunningtime>24</maxrunningtime>
    <rndID>9586</rndID>
    <tempupload>NO</tempupload>
    <userIdentifier>test1</userIdentifier>
    <userPriority>4</userPriority>
    <preUserIdentifiers />
    <commitTimestamp>633529279150650768</commitTimestamp>
  </Table1>
  <Table1>
    <jobID>05211438-27794802147200012</jobID>
    <jobType>mbo_bench</jobType>
    <status>FREE</status>
    <countdown>5</countdown>
    <platform>N.*.*.*</platform>
    <command>bench.exe a 22 22</command>
    <resultfiles>results.log</resultfiles>
    <savedresults />
    <maintainoutput>YES</maintainoutput>
    <files>bench.exe</files>
    <node />
    <time />
    <mailnotification>NO</mailnotification>
    <nrzerocountdowns>0</nrzerocountdowns>
    <maxzerocountdowns>5</maxzerocountdowns>
    <maxrunningtime>24</maxrunningtime>
    <rndID>269</rndID>
    <tempupload>NO</tempupload>
    <userIdentifier>test2</userIdentifier>
    <userPriority>4</userPriority>
    <preUserIdentifiers />
    <commitTimestamp />
  </Table1>
  <Table1>
    <jobID>05211438-27794802147200013</jobID>
    <jobType>mbo_bench</jobType>
    <status>FREE</status>
    <countdown>5</countdown>
    <platform>N.*.*.*</platform>
    <command>bench.exe a 33 11</command>
    <resultfiles>results.log</resultfiles>
    <savedresults />
    <maintainoutput>NO</maintainoutput>
    <files>bench.exe</files>
    <node />
    <time />
    <mailnotification>mbo@aifb.uni-karlsruhe.de</mailnotification>
    <nrzerocountdowns>0</nrzerocountdowns>
    <maxzerocountdowns>5</maxzerocountdowns>
    <maxrunningtime>24</maxrunningtime>
    <rndID>5320</rndID>
    <tempupload>NO</tempupload>
    <userIdentifier>test3</userIdentifier>
    <userPriority>4</userPriority>
    <preUserIdentifiers />
    <commitTimestamp />
  </Table1>
  <Table1>
    <jobID>05211438-27794802147200014</jobID>
    <jobType>mbo_bench</jobType>
    <status>DONE</status>
    <countdown>5</countdown>
    <platform>N.*.*.*</platform>
    <command>bench.exe a 11 33</command>
    <resultfiles>results.log</resultfiles>
    <savedresults>results.log</savedresults>
    <maintainoutput>NO</maintainoutput>
    <files>bench.exe</files>
    <node>aifbacheron[85fd8aa7]\bonn.2036</node>
    <time>00:00:04.1259328</time>
    <mailnotification>NO</mailnotification>
    <nrzerocountdowns>0</nrzerocountdowns>
    <maxzerocountdowns>5</maxzerocountdowns>
    <maxrunningtime>24</maxrunningtime>
    <rndID>9688</rndID>
    <tempupload>YES</tempupload>
    <userIdentifier>test4</userIdentifier>
    <userPriority>9</userPriority>
    <preUserIdentifiers />
    <commitTimestamp>633529278111156048</commitTimestamp>
  </Table1>
  <Table1>
    <jobID>07282025-27794802147200015</jobID>
    <jobType>mbo_bench</jobType>
    <status>FREE</status>
    <countdown>5</countdown>
    <platform>N.*.*.*</platform>
    <command>bench.exe i 11 10</command>
    <resultfiles>results.log</resultfiles>
    <savedresults />
    <maintainoutput>YES</maintainoutput>
    <files>bench.exe</files>
    <node />
    <time />
    <mailnotification>NO</mailnotification>
    <nrzerocountdowns>0</nrzerocountdowns>
    <maxzerocountdowns>5</maxzerocountdowns>
    <maxrunningtime>24</maxrunningtime>
    <rndID>6166</rndID>
    <tempupload>NO</tempupload>
    <userIdentifier>test1</userIdentifier>
    <userPriority>4</userPriority>
    <preUserIdentifiers />
    <commitTimestamp />
  </Table1>
</NewDataSet>