<?xml version="1.0" standalone="yes"?>
<nodes>
  <node identity="aifbacheron[85fd8aa7]\bonn">
    <time>29.07.2008 11:23:09</time>
    <timestamp>1055882123</timestamp>
    <rawbench>7244</rawbench>
    <bench>2</bench>
    <totaljobscomitted>14</totaljobscomitted>
    <executingtime>00:10:56.7643808</executingtime>
    <cpuqueue>-1</cpuqueue>
    <freeram>-1</freeram>
    <totalfailedminutes>0</totalfailedminutes>
    <timequeue>10,0,0,0,0,0,0,0,0,0</timequeue>
    <failtimequeue>0,0</failtimequeue>
    <uptimequeue>0,1,1,1,0,46,78</uptimequeue>
    <successerrorhistory>1,1,1,1,1,1,1,1,1,1</successerrorhistory>
  </node>
  <node identity="blubb[michnichtan]\bonn">
    <time>28.07.2008 21:29:45</time>
    <timestamp>1055881289</timestamp>
    <rawbench>9898</rawbench>
    <bench>2</bench>
    <totaljobscomitted>0</totaljobscomitted>
    <executingtime>00:00:00</executingtime>
    <cpuqueue>-1</cpuqueue>
    <freeram>-1</freeram>
    <totalfailedminutes>0</totalfailedminutes>
    <timequeue>
    </timequeue>
    <failtimequeue>
    </failtimequeue>
    <uptimequeue>
    </uptimequeue>
    <successerrorhistory>1,1,1,1</successerrorhistory>
  </node>
</nodes>