<parameterfile>

	<BATCH_MODE>true</BATCH_MODE>

	<CHICKEN_NB>40</CHICKEN_NB>

	<FEEDING_DISH_NB>4</FEEDING_DISH_NB>

	<PERIODIC_FEED_FILLING_AMOUNT>4</PERIODIC_FEED_FILLING_AMOUNT>

	<WOUNDED_CHICKEN_NB>1</WOUNDED_CHICKEN_NB>

	<MAX_X>30</MAX_X>

	<MAX_Y>30</MAX_Y>

	<CREATE_WOUNDED_CHICKEN_DELAY>5</CREATE_WOUNDED_CHICKEN_DELAY>

	<SEED>80</SEED>

	<SIMULATION_STEP>700</SIMULATION_STEP>

	<SIMULATION_STEP_BATCH_MODE>300</SIMULATION_STEP_BATCH_MODE>

	<SIMULATION_END>1000</SIMULATION_END>

	<WITH_CONTROL>true</WITH_CONTROL>

	<MIN_DURATION_OF_NOISE_CONTROLL>1</MIN_DURATION_OF_NOISE_CONTROLL>

	<MAX_DURATION_OF_NOISE_CONTROLL>5</MAX_DURATION_OF_NOISE_CONTROLL>

	<MIN_INTENSITY_OF_NOISE_CONTROLL>10</MIN_INTENSITY_OF_NOISE_CONTROLL>

	<MAX_INTENSITY_OF_NOISE_CONTROLL>20</MAX_INTENSITY_OF_NOISE_CONTROLL>

	<CRITICAL_EMERGENCE_VALUE_X>0.8</CRITICAL_EMERGENCE_VALUE_X>

	<CRITICAL_EMERGENCE_VALUE_Y>0.2</CRITICAL_EMERGENCE_VALUE_Y>

	<CRITICAL_EMERGENCE_VALUE_H>0.26</CRITICAL_EMERGENCE_VALUE_H>

	<MAX_POP_SIZE>800</MAX_POP_SIZE>

	<ALPHA>0.1</ALPHA>

	<BETA>0.2</BETA>

	<GAMMA>0.95</GAMMA>

	<DELTA>0.1</DELTA>

	<NU>5.0</NU>

	<EPSILON_0>10</EPSILON_0>

	<PREDICTION_INI>10.0</PREDICTION_INI>

	<PREDICTION_ERROR_INI>0.0</PREDICTION_ERROR_INI>

	<FITNESS_INI>0.01</FITNESS_INI>

	<THETA_GA>25</THETA_GA>

	<PREDICTION_ERROR_REDUCTION>0.25</PREDICTION_ERROR_REDUCTION>

	<FITNESS_REDUCTION>0.1</FITNESS_REDUCTION>

	<PM>0.05</PM>

	<QUICK_SCHEDULER>true</QUICK_SCHEDULER>

</parameterfile>
